{
	"vertexPositions" : [-0.0, -1.0, 1.0, 0.0, 1.0, 0.01, 0.19509, -1.0, 0.980785, 0.001951, 1.0, 0.009808, 0.382683, -1.0, 0.923879, 0.003827, 1.0, 0.009239, 0.55557, -1.0, 0.831469, 0.005556, 1.0, 0.008315, 0.707107, -1.0, 0.707107, 0.007071, 1.0, 0.007071, 0.83147, -1.0, 0.55557, 0.008315, 1.0, 0.005556, 0.923879, -1.0, 0.382683, 0.009239, 1.0, 0.003827, 0.980785, -1.0, 0.19509, 0.009808, 1.0, 0.001951, 1.0, -1.0, -0.0, 0.01, 1.0, 0.0, 0.980785, -1.0, -0.19509, 0.009808, 1.0, -0.001951, 0.92388, -1.0, -0.382683, 0.009239, 1.0, -0.003827, 0.83147, -1.0, -0.55557, 0.008315, 1.0, -0.005556, 0.707107, -1.0, -0.707107, 0.007071, 1.0, -0.007071, 0.55557, -1.0, -0.83147, 0.005556, 1.0, -0.008314, 0.382683, -1.0, -0.92388, 0.003827, 1.0, -0.009239, 0.19509, -1.0, -0.980785, 0.001951, 1.0, -0.009808, -0.0, -1.0, -1.0, 0.0, 1.0, -0.01, -0.195091, -1.0, -0.980785, -0.001951, 1.0, -0.009808, -0.382684, -1.0, -0.923879, -0.003827, 1.0, -0.009239, -0.555571, -1.0, -0.831469, -0.005556, 1.0, -0.008314, -0.707107, -1.0, -0.707106, -0.007071, 1.0, -0.007071, -0.83147, -1.0, -0.55557, -0.008315, 1.0, -0.005555, -0.92388, -1.0, -0.382683, -0.009239, 1.0, -0.003827, -0.980785, -1.0, -0.19509, -0.009808, 1.0, -0.001951, -1.0, -1.0, 1e-06, -0.01, 1.0, 0.0, -0.980785, -1.0, 0.195091, -0.009808, 1.0, 0.001951, -0.923879, -1.0, 0.382684, -0.009239, 1.0, 0.003827, -0.831469, -1.0, 0.555571, -0.008315, 1.0, 0.005556, -0.707106, -1.0, 0.707108, -0.007071, 1.0, 0.007071, -0.555569, -1.0, 0.83147, -0.005556, 1.0, 0.008315, -0.382682, -1.0, 0.92388, -0.003827, 1.0, 0.009239, -0.195089, -1.0, 0.980785, -0.001951, 1.0, 0.009808, -0.0, -1.0, 1.0, 0.19509, -1.0, 0.980785, 0.382683, -1.0, 0.923879, 0.55557, -1.0, 0.831469, 0.707107, -1.0, 0.707107, 0.83147, -1.0, 0.55557, 0.923879, -1.0, 0.382683, 0.980785, -1.0, 0.19509, 1.0, -1.0, -0.0, 0.980785, -1.0, -0.19509, 0.92388, -1.0, -0.382683, 0.83147, -1.0, -0.55557, 0.707107, -1.0, -0.707107, 0.55557, -1.0, -0.83147, 0.382683, -1.0, -0.92388, 0.19509, -1.0, -0.980785, -0.0, -1.0, -1.0, -0.195091, -1.0, -0.980785, -0.382684, -1.0, -0.923879, -0.555571, -1.0, -0.831469, -0.707107, -1.0, -0.707106, -0.83147, -1.0, -0.55557, -0.92388, -1.0, -0.382683, -0.980785, -1.0, -0.19509, -1.0, -1.0, 1e-06, -0.980785, -1.0, 0.195091, -0.923879, -1.0, 0.382684, -0.831469, -1.0, 0.555571, -0.707106, -1.0, 0.707108, -0.555569, -1.0, 0.83147, -0.382682, -1.0, 0.92388, -0.195089, -1.0, 0.980785],
	"vertexNormals" : [0.0, 0.443617, 0.896207, 0.0, 0.834864, 0.550401, 0.174841, 0.443617, 0.878964, 0.107364, 0.834864, 0.539811, 0.342936, 0.443617, 0.827967, 0.210608, 0.834864, 0.508499, 0.497879, 0.443617, 0.74517, 0.305765, 0.834864, 0.457625, 0.633717, 0.443617, 0.633717, 0.389172, 0.834864, 0.389172, 0.74517, 0.443617, 0.497879, 0.457625, 0.834864, 0.305765, 0.827967, 0.443617, 0.342936, 0.508499, 0.834864, 0.210608, 0.878964, 0.443617, 0.174841, 0.539811, 0.834864, 0.107364, 0.896207, 0.443617, 0.0, 0.550401, 0.834864, 0.0, 0.878964, 0.443617, -0.174841, 0.539811, 0.834864, -0.107364, 0.827967, 0.443617, -0.342936, 0.508499, 0.834864, -0.210608, 0.74517, 0.443617, -0.497879, 0.457625, 0.834864, -0.305765, 0.633717, 0.443617, -0.633717, 0.389172, 0.834864, -0.389172, 0.497879, 0.443617, -0.74517, 0.305765, 0.834864, -0.457625, 0.342936, 0.443617, -0.827967, 0.210608, 0.834864, -0.508499, 0.174841, 0.443617, -0.878964, 0.107364, 0.834864, -0.539811, 0.0, 0.443617, -0.896207, 0.0, 0.834864, -0.550401, -0.174841, 0.443617, -0.878964, -0.107364, 0.834864, -0.539811, -0.342936, 0.443617, -0.827967, -0.210608, 0.834864, -0.508499, -0.497879, 0.443617, -0.74517, -0.305765, 0.834864, -0.457625, -0.633717, 0.443617, -0.633717, -0.389172, 0.834864, -0.389172, -0.74517, 0.443617, -0.497879, -0.457625, 0.834864, -0.305765, -0.827967, 0.443617, -0.342936, -0.508499, 0.834864, -0.210608, -0.878964, 0.443617, -0.174841, -0.539811, 0.834864, -0.107364, -0.896207, 0.443617, 0.0, -0.550401, 0.834864, 0.0, -0.878964, 0.443617, 0.174841, -0.539811, 0.834864, 0.107364, -0.827967, 0.443617, 0.342936, -0.508499, 0.834864, 0.210608, -0.74517, 0.443617, 0.497909, -0.457625, 0.834864, 0.305765, -0.633717, 0.443617, 0.633717, -0.389172, 0.834864, 0.389203, -0.497879, 0.443617, 0.74517, -0.305765, 0.834864, 0.457625, -0.342936, 0.443617, 0.827967, -0.210608, 0.834864, 0.508499, -0.174841, 0.443617, 0.878964, -0.107364, 0.834864, 0.539811, 0.0, -1.0, 0.0, 0.0, -1.0, 0.0, 0.0, -0.999969, 0.0, 0.0, -0.999969, 0.0, 0.0, -1.0, 0.0, 0.0, -0.999969, 0.0, 0.0, -0.999969, 0.0, 0.0, -0.999969, 0.0, 0.0, -0.999969, 0.0, 0.0, -1.0, 0.0, 0.0, -1.0, 0.0, 0.0, -0.999969, 0.0, 0.0, -1.0, 0.0, 0.0, -1.0, 0.0, 0.0, -1.0, 0.0, 0.0, -1.0, 0.0, 0.0, -1.0, 0.0, 0.0, -1.0, 0.0, 0.0, -0.999969, 0.0, 0.0, -1.0, 0.0, 0.0, -1.0, 0.0, 0.0, -1.0, 0.0, 0.0, -1.0, 0.0, 0.0, -1.0, 0.0, 0.0, -1.0, 0.0, 0.0, -1.0, 0.0, 0.0, -1.0, 0.0, 0.0, -0.999969, 0.0, 0.0, -1.0, 0.0, 0.0, -0.999969, 0.0, 0.0, -1.0, 0.0, 0.0, -1.0, 0.0],
	"indices" : [0, 1, 3, 0, 3, 2, 2, 3, 5, 2, 5, 4, 4, 5, 7, 4, 7, 6, 6, 7, 9, 6, 9, 8, 8, 9, 11, 8, 11, 10, 10, 11, 13, 10, 13, 12, 12, 13, 15, 12, 15, 14, 14, 15, 17, 14, 17, 16, 16, 17, 19, 16, 19, 18, 18, 19, 21, 18, 21, 20, 20, 21, 23, 20, 23, 22, 22, 23, 25, 22, 25, 24, 24, 25, 27, 24, 27, 26, 26, 27, 29, 26, 29, 28, 28, 29, 31, 28, 31, 30, 30, 31, 33, 30, 33, 32, 32, 33, 35, 32, 35, 34, 34, 35, 37, 34, 37, 36, 36, 37, 39, 36, 39, 38, 38, 39, 41, 38, 41, 40, 40, 41, 43, 40, 43, 42, 42, 43, 45, 42, 45, 44, 44, 45, 47, 44, 47, 46, 46, 47, 49, 46, 49, 48, 48, 49, 51, 48, 51, 50, 50, 51, 53, 50, 53, 52, 52, 53, 55, 52, 55, 54, 54, 55, 57, 54, 57, 56, 56, 57, 59, 56, 59, 58, 58, 59, 61, 58, 61, 60, 60, 61, 63, 60, 63, 62, 62, 63, 1, 62, 1, 0, 95, 64, 65, 65, 66, 67, 67, 68, 69, 69, 70, 71, 71, 72, 73, 73, 74, 75, 75, 76, 77, 77, 78, 79, 79, 80, 81, 81, 82, 83, 83, 84, 85, 85, 86, 87, 87, 88, 89, 89, 90, 91, 91, 92, 93, 93, 94, 95, 95, 65, 67, 67, 69, 71, 71, 73, 75, 75, 77, 79, 79, 81, 83, 83, 85, 87, 87, 89, 91, 91, 93, 95, 95, 67, 71, 71, 75, 79, 79, 83, 87, 87, 91, 95, 95, 71, 79, 79, 87, 95, 5, 3, 1, 1, 63, 61, 61, 59, 57, 57, 55, 53, 53, 51, 49, 49, 47, 45, 45, 43, 41, 41, 39, 37, 37, 35, 33, 33, 31, 29, 29, 27, 25, 25, 23, 21, 21, 19, 17, 17, 15, 13, 13, 11, 9, 9, 7, 5, 5, 1, 61, 61, 57, 53, 53, 49, 45, 45, 41, 37, 37, 33, 29, 29, 25, 21, 21, 17, 13, 13, 9, 5, 5, 61, 53, 53, 45, 37, 37, 29, 21, 21, 13, 5, 5, 53, 37, 37, 21, 5]
}